rho	comparison
0.330754499773853	Capsule vs ecology
0.137391280513998	Capsule vs 99% ANI
